<?xml version='1.0' encoding='UTF-8'?>
<BoardManager><Section sid="0" text="本站系统"><Board name="Advice" text="百合共创" /><Board name="Announce" text="站务公告栏" /><Board name="BBSHelp" text="新手求助" /><Board name="bbslists" text="本站的各类统计列表与记录" /><Board name="Blog" text="博客论坛" /><Board name="BMManager" text="版主监督和管理" /><Board name="Board" text="版主竞选与请辞" /><Board name="BoardManage" text="版面开设与变更" /><Board name="Chat" text="聊天版" /><Board name="Complain" text="投诉与举报" /><Board name="EnglishCorner" text="英语聊天版" /><Board name="ExcellentBM" text="版务评优" /><Board name="LilyDigest" text="百合精华" /><Board name="LilyFestival" text="百合站庆" /><Board name="LilyLinks" text="百合友情链接" /><Board name="newcomers" text="新手上路" /><Board name="Nirvana" text="桫椤双树园" /><Board name="notepad" text="酸甜苦辣留言版" /><Board name="Ourselves" text="百合原创" /><Board name="Paint" text="涂鸦论坛" /><Board name="PersonalCorpus" text="个人文集" /><Board name="sysop" text="站长的工作室" /><Board name="test" text="这是站内测试版" /><Board name="vote" text="本站各项投票与结果" /><Board name="VoteBoard" text="选举版" /></Section><Section sid="1" text="南京大学"><Board name="AcademicReport" text="学术讲座" /><Board name="C_Inter" text="国际学院" /><Board name="CCAS" text="中美中心" /><Board name="Contest" text="大学生竞赛" /><Board name="D_Chinese" text="中文系" /><Board name="D_Computer" text="计算机系" /><Board name="D_EarthScience" text="地球科学与工程学院" /><Board name="D_EE" text="电子科学与工程学院" /><Board name="D_History" text="历史系" /><Board name="D_Materials" text="材料科学系" /><Board name="D_Maths" text="数学系" /><Board name="D_Philosophy" text="哲学系" /><Board name="D_Physics" text="物理学院" /><Board name="D_SocialSec" text="社会保障系" /><Board name="DII" text="匡亚明学院_强化部" /><Board name="IFA_IS" text="美术研究院_雕塑艺术研究所" /><Board name="IFIS" text="海外教育学院" /><Board name="MARC" text="模式动物研究所" /><Board name="NJU_HOME" text="南大和园" /><Board name="NJUExpress" text="南大校园生活" /><Board name="Postdoc" text="博士后之家" /><Board name="PuKouCampus" text="浦园风景线" /><Board name="S_Astronomy" text="天文与空间科学学院" /><Board name="S_Atmosphere" text="大气科学学院" /><Board name="S_Business" text="商学院" /><Board name="S_Chemistry" text="化学化工学院" /><Board name="S_Education" text="教育研究院" /><Board name="S_Environment" text="环境学院" /><Board name="S_ForeignLang" text="外国语学院" /><Board name="S_Geography" text="地理学院" /><Board name="S_GOV" text="政府管理学院" /><Board name="S_Graduate" text="研究生之家" /><Board name="S_Information" text="信息管理学院" /><Board name="S_Journalism" text="新闻传播学院" /><Board name="S_Law" text="法学院" /><Board name="S_LifeScience" text="生命科学院" /><Board name="S_Medicine" text="医学院" /><Board name="S_MSE" text="工程管理学院" /><Board name="S_Sociology" text="社会学院" /><Board name="S_Software" text="软件学院" /><Board name="SAU" text="建筑与城市规划学院" /></Section><Section sid="2" text="乡情校谊"><Board name="AnHui" text="淮水皖风" /><Board name="BeiJing" text="首都北京" /><Board name="CAS" text="中国科学院" /><Board name="ChangZhou" text="锦绣常州" /><Board name="CPU" text="中国药科大学" /><Board name="CUG" text="中国地质大学" /><Board name="CUMT" text="中国矿业大学" /><Board name="DongBei" text="白山黑水" /><Board name="FDU" text="复旦大学" /><Board name="FuJian" text="八闽畅怀" /><Board name="GuangDong" text="粤是故乡名" /><Board name="GuangXi" text="八桂大地" /><Board name="HaiNan" text="天涯海角" /><Board name="HeBei" text="燕赵大地" /><Board name="HeNan" text="九州之中" /><Board name="HHU" text="河海大学" /><Board name="HKU" text="香港大学" /><Board name="HuaiAn" text="淮水楚云" /><Board name="HuBei" text="荆楚大地" /><Board name="HuNan" text="三湘四水" /><Board name="Inner_Mongolia" text="塞外风情" /><Board name="JiangXi" text="江南西道" /><Board name="JLU" text="吉林大学" /><Board name="LianYunGang" text="花果山下" /><Board name="LZU" text="兰州大学" /><Board name="NanTong" text="江风海韵" /><Board name="NJAU" text="南京农业大学" /><Board name="NJMU" text="南京医科大学" /><Board name="NJNU" text="南京师范大学" /><Board name="NJUPT" text="南京邮电大学" /><Board name="NJUT" text="南京工业大学" /><Board name="NKU" text="南开大学" /><Board name="NUAA" text="南京航空航天大学" /><Board name="NUST" text="南京理工大学" /><Board name="NZY" text="南京中医药大学" /><Board name="OUC" text="中国海洋大学" /><Board name="Overseas" text="海外游子" /><Board name="PKU" text="北京大学" /><Board name="SE_Association" text="阳光海岸（华南网友版）" /><Board name="SEU" text="东南大学" /><Board name="ShanDong" text="齐鲁青未了" /><Board name="ShangHai" text="寻梦海上花" /><Board name="ShanXi" text="三晋梦萦" /><Board name="SJTU" text="上海交通大学" /><Board name="SuQian" text="西楚下相" /><Board name="SuZhou" text="雨渍东吴" /><Board name="TaiZhou" text="古韵泰州" /><Board name="THU" text="清华大学" /><Board name="TianJin" text="九河下梢天津卫" /><Board name="USTC" text="中国科技大学" /><Board name="WHU" text="武汉大学" /><Board name="WuXi" text="梁溪寄畅" /><Board name="XiBei" text="壮哉大西北" /><Board name="XiNan" text="风起西南" /><Board name="XinJiang" text="我们新疆亚克西" /><Board name="XJTU" text="西安交通大学" /><Board name="XMU" text="厦门大学" /><Board name="XuZhou" text="古彭汉风" /><Board name="YanCheng" text="登瀛渔火" /><Board name="YangZhou" text="五亭烟雨" /><Board name="ZheJiang" text="钱江潮" /><Board name="ZhenJiang" text="古城镇江" /><Board name="ZJU" text="浙江大学" /><Board name="ZSU" text="中山大学" /></Section><Section sid="3" text="电脑技术"><Board name="AI" text="人工智能" /><Board name="Algorithm" text="算法" /><Board name="Apple" text="苹果电脑" /><Board name="BBSDev" text="BBS的安装与设置" /><Board name="BitTorrent" text="比特洪流" /><Board name="Borland" text="Borland世界" /><Board name="Computer_ABC" text="电脑菜鸟要学飞" /><Board name="CPlusPlus" text="C++程序设计语言" /><Board name="Database" text="数据库系统" /><Board name="DotNet" text=".net技术" /><Board name="Embedded" text="嵌入式系统" /><Board name="Flash" text="闪客世界" /><Board name="Fortran" text="Fortran语言" /><Board name="Graphics" text="电脑图形处理" /><Board name="Hacker" text="黑客的摇篮" /><Board name="Hardware" text="硬件工作室" /><Board name="HPC" text="高性能计算" /><Board name="Image" text="图像世界" /><Board name="ITClub" text="IT俱乐部" /><Board name="Java" text="Java语言" /><Board name="LilyStudio" text="小百合工作室项目反馈" /><Board name="LinuxUnix" text="Linux和Unix" /><Board name="Mobile" text="手机天地" /><Board name="MSWindows" text="美丽的微软窗口" /><Board name="Network" text="网络世界" /><Board name="NoteBook" text="本本梦工厂" /><Board name="Program" text="程序员的休闲室" /><Board name="Python" text="Python语言" /><Board name="SoftEng" text="软件工程" /><Board name="Software" text="软件天地" /><Board name="TeX" text="科技文献排版" /><Board name="VC" text="Visual C++ 版" /><Board name="Virus" text="可恶可怕的病毒" /><Board name="WebDesign" text="网站设计" /></Section><Section sid="4" text="学术科学"><Board name="1937_12_13" text="南京大屠杀" /><Board name="Actuary" text="保险精算" /><Board name="Aerospace" text="宇航" /><Board name="America" text="美利坚之窗" /><Board name="AtmosphereSci" text="大气科学论坛" /><Board name="CFD" text="计算流体论坛" /><Board name="Chemistry" text="化学版" /><Board name="Chrematistics" text="理财" /><Board name="Christianity" text="基督教研究" /><Board name="Consultant" text="咨询" /><Board name="CPA" text="注册会计师" /><Board name="Deutsch" text="德文堂" /><Board name="E_Business" text="电子商务特区" /><Board name="EarthSciences" text="地球科学" /><Board name="Economics" text="经济学" /><Board name="Education" text="教育论坛" /><Board name="EEtechnology" text="电子技术版" /><Board name="English" text="英语世界" /><Board name="Esperanto" text="世说新语" /><Board name="Finance" text="金融天下" /><Board name="Forum" text="百合论坛" /><Board name="French" text="浪漫法兰西" /><Board name="Geography" text="地理科学" /><Board name="GIS" text="地理信息科学" /><Board name="GreeceRome" text="希腊罗马" /><Board name="History" text="历史" /><Board name="HotZone" text="战场" /><Board name="Human" text="人类漫谈" /><Board name="Info_Manage" text="信息管理技术" /><Board name="IR" text="国际关系" /><Board name="Japanese" text="日语学习" /><Board name="Journalism" text="新闻传播研究" /><Board name="Law" text="法律学" /><Board name="LectureHall" text="学术交流" /><Board name="LifeScience" text="生命科学" /><Board name="Linguistics" text="语言与语言学" /><Board name="Management" text="管理学" /><Board name="Mathematics" text="数学版" /><Board name="MathTools" text="数学工具软件" /><Board name="Mediastudy" text="媒介文化研究" /><Board name="Medicine" text="医学与健康" /><Board name="Microwave" text="电磁场与微波技术" /><Board name="Military" text="军事科学" /><Board name="NanoST" text="纳米科技" /><Board name="People" text="人物" /><Board name="Philosophy" text="哲学与思考" /><Board name="Physics" text="物理学" /><Board name="Politics" text="政治科学" /><Board name="Psychology" text="心理健康" /><Board name="Russia" text="风雪俄罗斯" /><Board name="Spanish" text="西班牙语" /><Board name="Taiwan" text="宝岛之恋" /><Board name="TCM" text="古意中医" /><Board name="Theoretical_CS" text="理论计算机科学" /><Board name="Thesis" text="论文" /><Board name="Tibet" text="雪域桑烟" /><Board name="UrbanPlan" text="城市规划" /><Board name="US_JP_Research" text="美日研究" /><Board name="Wisdom" text="儒释道" /><Board name="YangtzeDelta" text="长江三角洲发展论坛" /></Section><Section sid="5" text="文化艺术"><Board name="7th_Art" text="第七艺术" /><Board name="AD_Art" text="广告艺术" /><Board name="Archaism" text="古文观止" /><Board name="Archeology" text="考古" /><Board name="ASCIIArt" text="ASCII艺术" /><Board name="BeautyOfNJU" text="南大之美" /><Board name="Budaixi" text="布袋戏" /><Board name="Calligraphy" text="中国书法" /><Board name="ChunQiu_ZhanGuo" text="春秋战国" /><Board name="Classical_Poem" text="古典诗词" /><Board name="ClassicalCulture" text="古韵悠长" /><Board name="ClassicalMusic" text="古典音乐" /><Board name="Comic" text="动漫世界" /><Board name="Couplet" text="对联" /><Board name="Cross_Strait" text="穿越海峡" /><Board name="CrossShow" text="十字绣坊" /><Board name="Debate" text="辩者无敌" /><Board name="Detective" text="侦探推理" /><Board name="Discovery" text="神秘之旅" /><Board name="Drama" text="戏剧春秋" /><Board name="Drawing" text="绘画艺术" /><Board name="DV_Studio" text="DV工作室" /><Board name="ElectronicMusic" text="电子音乐" /><Board name="Emprise" text="武侠小说" /><Board name="F_Literature" text="外国文学" /><Board name="FairyTale" text="七色花" /><Board name="Fantasy" text="奇幻天地" /><Board name="Fiction" text="科幻世界" /><Board name="Flowers" text="花草园艺" /><Board name="Folk_Country" text="民谣及乡村音乐" /><Board name="Guitar" text="吉它" /><Board name="HiFi" text="发烧天堂" /><Board name="J_Ent" text="和风艺影" /><Board name="Jazz_Blues" text="爵士蓝调" /><Board name="Magic" text="魔术" /><Board name="Marvel" text="鬼故事" /><Board name="Modern_Poem" text="现代诗歌" /><Board name="Movies" text="露天电影院" /><Board name="Musical" text="音乐剧之家" /><Board name="Mythlegend" text="神话传说" /><Board name="Names" text="姓名文化" /><Board name="NewAge" text="新世纪音乐" /><Board name="Novel" text="小说" /><Board name="OurCustom" text="民俗民风" /><Board name="Photography" text="摄影艺术" /><Board name="Piano" text="钢琴艺术" /><Board name="PopMusic" text="流行音乐天地" /><Board name="QuYi" text="曲苑杂谈" /><Board name="Reading" text="读书" /><Board name="RockMusic" text="摇滚乐世界" /><Board name="SanGuo" text="三国风云" /><Board name="Sculpture" text="雕塑艺术" /><Board name="Seasons" text="欧美电视剧" /><Board name="Shows" text="综艺大秀场" /><Board name="StoneStory" text="红楼逸梦" /><Board name="Story" text="故事会" /><Board name="TV" text="电视" /><Board name="ZhuangXiu" text="家居装修" /></Section><Section sid="6" text="体育娱乐"><Board name="AutoSpeed" text="车迷世界" /><Board name="Badminton" text="羽毛球" /><Board name="Basketball" text="篮球" /><Board name="Billiards" text="台球" /><Board name="BNGames" text="南大战网游戏" /><Board name="BoardGame" text="桌面游戏" /><Board name="Bowling" text="保龄球馆" /><Board name="Boxing_Fight" text="拳击与格斗" /><Board name="Bridge" text="桥牌联谊会" /><Board name="Chess" text="象棋" /><Board name="ChinaFootball" text="中国足球" /><Board name="Cube" text="魔方" /><Board name="Cycling" text="自行车运动" /><Board name="Dance" text="舞蹈天地" /><Board name="DotaAllstars" text="远古之守护" /><Board name="E_Sports" text="电子竞技" /><Board name="F1" text="一级方程式赛车" /><Board name="Fishing" text="碧波垂钓" /><Board name="Fitness" text="健美与健身" /><Board name="GJ" text="够级艺术" /><Board name="JSSports" text="江苏体育" /><Board name="MaJiang" text="麻将" /><Board name="MudLife" text="MUD人生" /><Board name="OLGames" text="网络游戏" /><Board name="Olympics" text="奥林匹克运动" /><Board name="PCGames" text="电脑游戏" /><Board name="Renju" text="五子连珠" /><Board name="RunForEver" text="田径" /><Board name="SiGuo" text="缥缈四国" /><Board name="SJ" text="升级艺术" /><Board name="Skating" text="溜冰人生" /><Board name="Sudoku" text="快乐数独" /><Board name="Swimming" text="游泳" /><Board name="TableTennis" text="乒乓球" /><Board name="Taekwondo" text="跆拳道" /><Board name="Tennis" text="网球天地" /><Board name="TVGames" text="电视游戏" /><Board name="Volleyball" text="排球版" /><Board name="WebGames" text="网页游戏" /><Board name="WeiQi" text="围棋" /><Board name="WesternstyleChess" text="国际象棋" /><Board name="WorldFootball" text="世界足球" /><Board name="WuShu" text="中华武术" /><Board name="YOGA" text="南大瑜伽" /></Section><Section sid="7" text="感性休闲"><Board name="AlbumShow" text="个人写真" /><Board name="Astrology" text="星月童话" /><Board name="Bless" text="温馨祝福" /><Board name="Boys" text="男生世界" /><Board name="Collections" text="收藏爱好" /><Board name="Dream" text="青春有梦" /><Board name="Drink" text="酒吧与咖啡馆" /><Board name="Esquire" text="时尚男生" /><Board name="FamilyLife" text="家庭生活" /><Board name="Fashion" text="美丽流行风" /><Board name="Feelings" text="感情世界" /><Board name="FOOD" text="雅舍谈吃" /><Board name="Friendship" text="友情久久" /><Board name="Girls" text="女生天地" /><Board name="GreatTurn" text="脑筋急转弯" /><Board name="HandiCraft" text="精致手工" /><Board name="Hometown" text="游子情深" /><Board name="ID" text="掀起你的盖头来" /><Board name="Joke" text="笑话版" /><Board name="KaraOK" text="卡拉永远OK" /><Board name="Korea" text="恋恋韩风" /><Board name="Life" text="生活" /><Board name="Love" text="情爱悠悠" /><Board name="Memory" text="似水流年" /><Board name="Model_Space" text="模型空间" /><Board name="NanJing" text="古都南京" /><Board name="OfficeStaff" text="上班一族" /><Board name="Party_of_Killer" text="杀手的童话" /><Board name="PetsEden" text="宠物乐园" /><Board name="Pictures" text="贴图版" /><Board name="Radio" text="空中梦想家" /><Board name="Riddle" text="射一射老虎" /><Board name="RoomChating" text="寝室夜话" /><Board name="Shopping" text="购物天堂" /><Board name="ShortMessage" text="短信大家聊" /><Board name="Single" text="单身一族" /><Board name="Travel" text="遍览天下" /><Board name="WarAndPeace" text="百年好合" /></Section><Section sid="8" text="新闻信息"><Board name="Abroad" text="飞越重洋" /><Board name="Agent" text="代理" /><Board name="Britain" text="行走英伦" /><Board name="ChinaNews" text="国内新闻" /><Board name="Civil_Servant" text="公务员之家" /><Board name="DigiMusic" text="数码音乐设备" /><Board name="DigitalWorld" text="数码世界" /><Board name="DiscZone" text="碟碟不休" /><Board name="ExchangeStudent" text="交换生天地" /><Board name="FleaMarket" text="跳蚤市场" /><Board name="GoToUniversity" text="高考招生信息" /><Board name="GRE_TOEFL" text="GRE&amp;TOEFL;专题讨论" /><Board name="IELTS" text="清谈雅思" /><Board name="Intern" text="实习" /><Board name="ITExam" text="IT认证考试" /><Board name="JobAndWork" text="创业与求职" /><Board name="JobExpress" text="就业特快" /><Board name="KaoYan" text="考研天地" /><Board name="LostToFind" text="失物招领" /><Board name="NetResources" text="网络资源" /><Board name="NJ_HOUSE" text="房屋租赁" /><Board name="PartTimeJob" text="兼职工作信息" /><Board name="RealEstate" text="房地产" /><Board name="SportsNews" text="体坛快讯" /><Board name="Stock" text="股市风云" /><Board name="SuperGirls" text="超级女声" /><Board name="Traffic_Info" text="交通信息" /><Board name="Train" text="汽笛声声" /><Board name="WorldNews" text="国际新闻" /><Board name="Zjl_Online" text="珠江路热线" /></Section><Section sid="9" text="百合广角"><Board name="AntiMalfeasant" text="反腐倡廉" /><Board name="AntiRumor" text="反谣言中心" /><Board name="BodilyForm" text="高矮胖瘦" /><Board name="Guilt" text="罪与罚" /><Board name="HomoSky" text="同一片天空" /><Board name="Nature" text="人与自然" /><Board name="Peer_Edu" text="青春伊甸园" /><Board name="PeerCounseling" text="朋辈咨询" /><Board name="Smoking" text="淡烟人生" /><Board name="Vegetarian" text="素食者" /><Board name="West_Volunteer" text="支教岁月" /></Section><Section sid="10" text="校务信箱"><Board name="bulletin" text="校务公告" /><Board name="M_Academic" text="教务处处长信箱" /><Board name="M_CMHER" text="心理中心主任信箱" /><Board name="M_Gonghui" text="工会主席信箱版" /><Board name="M_Graduate" text="研究生院院长信箱" /><Board name="M_GraduateUnion" text="研究生会主席信箱" /><Board name="M_Guard" text="保卫处处长信箱" /><Board name="M_Hospital" text="校医院院长信箱" /><Board name="M_Job" text="就业创业指导中心主任信箱" /><Board name="M_League" text="团委书记信箱" /><Board name="M_Library" text="图书馆馆长信箱" /><Board name="M_Logistic" text="后勤工作信箱" /><Board name="M_NIC" text="网络中心主任信箱" /><Board name="M_Student" text="学生工作处处长信箱" /><Board name="M_StudentUnion" text="学生会主席信箱" /><Board name="SummerSchool" text="暑期工作" /><Board name="V_Suggestions" text="校长信箱" /></Section><Section sid="11" text="社团群体"><Board name="Association_Union" text="社团联合会主席信箱" /><Board name="CCP" text="礼仪中心" /><Board name="Chorus" text="声乐艺术爱好者（南大合唱团）" /><Board name="FanBu" text="反哺学社" /><Board name="FEA" text="对外交流协会" /><Board name="Folk_Music" text="国乐飘香（民乐团）" /><Board name="GAFA" text="天文爱好者协会" /><Board name="GEC" text="研究生英语俱乐部" /><Board name="GreenEarth" text="南大环境保护协会" /><Board name="GuQin" text="古琴社" /><Board name="LifeLeague" text="生命协会" /><Board name="LSCMA" text="物流与供应链管理协会" /><Board name="Marketing_Zone" text="营销学社" /><Board name="MSTClub" text="微软技术俱乐部" /><Board name="NJU_Graduate" text="南大研究生报" /><Board name="NJU_TIC" text="南京大学腾讯创新俱乐部" /><Board name="NJU_Youth" text="南大青年报" /><Board name="NJU_zhixing" text="南京大学知行社" /><Board name="NJUMUN" text="模拟联合国协会" /><Board name="Orchestra" text="南大交响乐团" /><Board name="ReadyForJob" text="阳光工作室" /><Board name="RedCross" text="红十字运动" /><Board name="SCDA" text="学生职业发展协会" /><Board name="SIFE_NJU" text="国际大学生企业家联盟" /><Board name="SiYuan" text="南大思源社" /><Board name="SPA" text="南大学生心理协会" /><Board name="StaffPhotography" text="视觉南大" /><Board name="StoneCity" text="石头城" /><Board name="TianJian" text="南大天健社" /><Board name="Volunteer" text="青年志愿者协会" /><Board name="xinhongji" text="新鸿基社" /><Board name="YangTaiChi" text="杨式太极拳协会" /></Section></BoardManager>