{"[;PT]": "/images/face/42.gif", "[:'(]": "/images/face/9.gif", "[:K]": "/images/face/25.gif", "[:-v]": "/images/face/53.gif", "[:s]": "/images/face/2.gif", "[:hx]": "/images/face/44.gif", "[:X]": "/images/face/7.gif", "[;P]": "/images/face/20.gif", "[:E]": "/images/face/49.gif", "[:)]": "/images/face/14.gif", "[:U]": "/images/face/16.gif", "[;xx]": "/images/face/54.gif", "[:Q]": "/images/face/18.gif", "[;-D]": "/images/face/21.gif", "[:-|]": "/images/face/10.gif", "[:O]": "/images/face/0.gif", "[;hx]": "/images/face/51.gif", "[:!]": "/images/face/26.gif", "[:H]": "/images/face/36.gif", "[;K]": "/images/face/47.gif", "[:D]": "/images/face/13.gif", "[:C-]": "/images/face/29.gif", "[:@]": "/images/face/11.gif", "[:-(]": "/images/face/50.gif", "[:(]": "/images/face/15.gif", "[:?]": "/images/face/32.gif", "[:T]": "/images/face/19.gif", "[:P]": "/images/face/12.gif", "[;X]": "/images/face/34.gif", "[:-8]": "/images/face/41.gif", "[:|]": "/images/face/3.gif", "[;cool]": "/images/face/4.gif", "[:-b]": "/images/face/40.gif", "[:$]": "/images/face/6.gif", "[;bye]": "/images/face/39.gif", "[:L]": "/images/face/27.gif"}